{
  "accuracy": 0.730769,
  "precision": 0.739767,
  "recall": 0.754701,
  "f1": 0.728423,
  "auc_roc": 0.853758,
  "val_stats": {
    "mean": 0.614583,
    "median": 0.59375,
    "std": 0.099587,
    "stability": 0.9414,
    "min": 0.5,
    "max": 0.8125
  }
}