{
  "accuracy": 0.661859,
  "precision": 0.656485,
  "recall": 0.572222,
  "f1": 0.548178,
  "auc_roc": 0.678594,
  "val_stats": {
    "mean": 0.547917,
    "median": 0.5625,
    "std": 0.069753,
    "stability": 0.896,
    "min": 0.4375,
    "max": 0.6875
  }
}