{
  "accuracy": 0.804487,
  "precision": 0.794697,
  "recall": 0.782051,
  "f1": 0.787169,
  "auc_roc": 0.866952,
  "val_stats": {
    "mean": 0.68125,
    "median": 0.75,
    "std": 0.155916,
    "min": 0.3125,
    "max": 0.875
  }
}