{
  "train_loss": [
    0.727004,
    0.673384,
    0.736847,
    0.707421,
    0.602741,
    0.488471,
    0.470032,
    0.484549,
    0.438894,
    0.431511,
    0.405244,
    0.488984,
    0.450334,
    0.378312,
    0.34136,
    0.415908,
    0.342177,
    0.369934,
    0.369315,
    0.374587,
    0.313409,
    0.304041,
    0.320466,
    0.356456,
    0.276043,
    0.35572,
    0.381338,
    0.339609,
    0.378397,
    0.324924
  ],
  "val_loss": [
    0.613027,
    0.555273,
    0.540763,
    0.598009,
    0.662759,
    0.750233,
    0.673535,
    0.575469,
    0.523696,
    0.54784,
    0.445307,
    0.475751,
    0.480618,
    0.36545,
    0.391101,
    0.38192,
    0.348202,
    0.344024,
    0.39833,
    0.415416,
    0.372692,
    0.340862,
    0.33894,
    0.324206,
    0.451449,
    0.63848,
    0.517479,
    0.351038,
    0.303429,
    0.302923
  ],
  "val_acc": [
    0.6875,
    0.6875,
    0.8125,
    0.6875,
    0.5,
    0.5,
    0.5625,
    0.5625,
    0.75,
    0.5625,
    0.8125,
    0.6875,
    0.6875,
    0.875,
    0.8125,
    0.875,
    0.875,
    0.875,
    0.8125,
    0.8125,
    0.875,
    0.875,
    0.875,
    0.875,
    0.8125,
    0.6875,
    0.75,
    0.8125,
    0.875,
    0.875
  ]
}