{
  "train_loss": [
    1.441298,
    1.088464,
    0.850813,
    0.384619,
    0.456818,
    0.41145,
    0.710828,
    0.371804,
    0.612657,
    0.486759,
    0.51983,
    0.437997,
    0.436366,
    0.333236,
    0.377031,
    0.263368,
    0.380417,
    0.384261,
    0.404419,
    0.57497,
    0.379066,
    0.411864,
    0.487881,
    0.529981,
    0.431118,
    0.615788,
    0.532549,
    0.472964,
    0.581932,
    0.383225
  ],
  "val_loss": [
    6.648402,
    20.216766,
    21.827915,
    1.971701,
    2.435298,
    7.343002,
    3.922982,
    6.650455,
    0.937986,
    1.196243,
    0.554354,
    0.764776,
    1.075141,
    1.443906,
    1.735671,
    1.095393,
    0.560349,
    2.041234,
    0.682406,
    0.721973,
    0.605045,
    1.383097,
    2.584773,
    1.683372,
    2.986269,
    1.376398,
    1.404006,
    2.016854,
    1.152806,
    0.947353
  ],
  "val_acc": [
    0.5,
    0.5,
    0.5,
    0.625,
    0.5625,
    0.5625,
    0.5,
    0.5,
    0.6875,
    0.5625,
    0.8125,
    0.6875,
    0.5625,
    0.5,
    0.5625,
    0.6875,
    0.75,
    0.6875,
    0.625,
    0.5,
    0.625,
    0.5625,
    0.5625,
    0.625,
    0.5625,
    0.6875,
    0.6875,
    0.5625,
    0.5,
    0.5
  ]
}